Date,Inflation Rate (%),GDP Growth Rate (%),Interest Rate (%),Stock Market Return (%),Gold Price (USD),Real Estate Index,Cryptocurrency Growth Rate (%),Bond Yield (%)
2005-01-31,3.3090508913552186,5.523668674823314,6.479287062284994,13.458511420525944,358.2798667925126,105.16526391858045,47.592963688581634,3.076598359226713
2005-02-28,7.6303572980743715,5.631428616020699,7.109612545353863,-5.469173345858496,417.0097716160949,91.32855841285804,-22.487942736846527,6.853661205159489
2005-03-31,5.989954563585538,5.318915121763588,4.818140115293845,-8.337593315830564,387.9240323070442,92.11611119794395,23.8081694580101,4.845832464071992
2005-04-30,4.9899386314777745,0.9612696020435552,6.461801760798602,8.528016232251478,409.0132434125659,98.98266463403685,5.50001754436569,5.9348833818061655
2005-05-31,1.670139803318274,-1.8763470677690606,6.0509859632694525,4.361827829497798,405.64761635489424,103.12014414282135,39.451380350200424,1.7951480364510906
2005-06-30,1.6699589025215198,5.426548500701803,9.061001099664395,11.0457194189568,419.04007499377525,109.5922487745659,-15.828016844209127,6.172086893635735
2005-07-31,0.9356270912614959,1.4254731865385146,0.9317406132438497,-6.505690584342762,462.071954535161,108.68682803422216,25.410076178093163,6.536543143080366
2005-08-31,6.996321093312014,5.7332385523493565,3.169150301126188,9.881682796497255,426.57409624851,104.77579471330903,37.04922317184882,3.9223715129136156
2005-09-30,5.008362588074066,5.708959816714023,9.528909098727308,-4.959316998806386,460.19694938533826,102.16709399508939,45.56913755792186,4.637517626505865
2005-10-31,5.810544333470341,4.8240756437388805,8.957505946963705,-5.908601428357388,457.8560862450146,117.4738707562923,24.65984226317167,5.588858805417972
2005-11-30,0.6543837072185184,0.3555911365566855,4.828739151464273,-5.893355051725177,483.31272323082544,106.89182688153954,9.773981120674186,2.0490317635624753
2005-12-31,7.774323891214958,1.080781828815402,6.391259679114599,10.364368005784552,517.3231412964925,108.23276140709561,19.427779216097107,4.015396458780654
2006-01-31,6.743319806003163,4.809093372134855,3.1351212383207603,6.629930517405004,503.59193775449785,103.31431742801749,39.51239875829745,3.3919781666338786
2006-02-28,2.092543330087071,0.5353760412502213,2.2871510173757326,3.0766356192279822,458.5233265620045,116.7748520628647,15.648779731106373,1.8782439529734947
2006-03-31,1.8636872540532545,-0.6440580265112601,4.905134846929831,-1.0292378969124378,446.8421628785134,115.5891256871779,-27.56903522425305,3.2052065337491884
2006-04-30,1.8755338239007537,2.4544100996668012,3.856846166247502,11.930013520327705,476.6448144718235,106.96769351100532,44.47589564055822,1.4090338563129614
2006-05-31,2.781816822196533,5.489238193286248,6.044733062583285,-0.188872314434116,516.6207637813226,105.03674225122899,25.162140082524893,1.154871441696922
2006-06-30,4.435673237241784,3.568238373399784,1.238479051167356,10.414985986789429,468.9501127291782,117.83592746408841,24.12107086217972,1.8109977349289366
2006-07-31,3.739587639815868,2.5604893607149197,9.756750672828582,0.9783727142554604,520.1387167703328,118.15298579189886,-12.745987808182626,6.7786906695350435
2006-08-31,2.6842185514853143,-1.2225880498338517,9.869002072556228,-0.5763892643773101,536.8809376113542,111.36477212992234,22.710837618612572,4.297177215370102
2006-09-30,5.088896710417846,2.920057813593358,7.132536283187579,1.5669946417401608,517.3156024708173,125.75367291864836,1.5091524523326783,6.79493296691932
2006-10-31,1.5462039548903137,5.920430800834106,5.592915480269144,-2.4655531458964477,567.6769944331596,110.59437959294017,22.098638163319364,3.594987269980792
2006-11-30,2.6910848640141363,-0.8793278781078078,3.4405123547201137,8.690234504406277,507.94016004141065,117.05673786185622,-21.472557575360742,2.8708967985115574
2006-12-31,3.2477138247026875,2.146637218909894,8.231052687216012,2.568009752311978,511.48867357107036,128.11918032803817,22.627624368242884,4.036851177041465
2007-01-31,3.9205248816277694,5.0189845754236435,7.004946139261853,-4.194682621329568,583.488331687306,118.47822834689065,49.95309806165332,3.6370701317974605
2007-02-28,6.388819710447602,3.9261489420336355,2.044860923776467,12.489364331864213,566.9131483570216,123.69102104533192,-26.143036891155518,1.6339881055704635
2007-03-31,1.997553366187698,3.576125927962144,9.153808252691503,-0.4027194656697155,592.8988170486314,119.7092101349881,48.17393473770538,4.844957888141238
2007-04-30,4.356758288102087,3.619872671896874,8.314103807770106,3.5888215278497153,574.2358719356885,118.07844630638763,2.552636857829647,2.2962290950575976
2007-05-31,4.943109266465319,0.8759292097580413,9.523099176273279,12.661802774113674,562.0879020686806,133.1105153022928,39.66027602698074,4.717527729386978
2007-06-30,0.8483780953999829,0.3487347541159469,7.39433532968942,5.605949897849802,626.0524911816459,122.4544625530791,32.59083872466188,4.901206554388921
2007-07-31,5.056586389260787,4.474889243828109,6.327444361390004,-7.077548982290898,630.7784079805799,132.98658658404295,15.36130087893342,1.9121491187718886
2007-08-31,1.7789309276546865,4.480907157433446,4.473308844760879,13.495803090336878,627.0010278385809,120.540514711964,29.075936740106123,1.368097762664009
2007-09-30,0.9878869473895964,4.93657854864083,9.360920591863126,5.692701326785446,591.4404551455904,121.04033675832594,40.28124490410784,5.6845695164106385
2007-10-31,7.616641529399999,5.30592442045177,8.727606950253879,-1.6273596335728477,629.9435687789588,118.23774441919649,2.331225732082636,3.7588025426159213
2007-11-30,7.742240248059195,2.0907391908875024,0.9295773660087994,-6.518198183415318,613.7124524555089,131.485219352706,-3.8373470749409044,1.3489827730328547
2007-12-31,6.5629801108734585,2.012130357497597,0.750486257723894,9.850629731757401,593.4678307636258,126.65922980334551,23.407470845086777,6.969197903018603
2008-01-31,2.78460326880028,4.386361431734201,4.076401985341471,5.5018188982128375,682.7355416466426,137.41268800934503,34.62767535530068,1.3466833659781998
2008-02-29,1.232540855047879,3.1997114462221212,8.200256642427412,3.336527299408038,611.3806078617706,130.42654123006542,30.982810782129263,5.170211373151319
2008-03-31,5.631747698841177,3.615735018061627,9.879123228491972,12.347314576273941,699.4170408214109,141.16303173821075,33.82509190869076,6.902073551580481
2008-04-30,3.8011437030470097,4.366341355488808,1.9289604654835177,9.71493028061327,655.6884434045821,126.34649357766074,4.846665185034638,2.4350806252955537
2008-05-31,1.415286761335841,5.12004273454053,6.144241795845284,-6.20812800668122,636.2957196621046,140.84526670639252,35.426737294001725,1.853496212123177
2008-06-30,4.213826825834526,0.7039612548122864,4.118463137994704,-2.206948305111294,678.6670821855346,139.8415604867972,-20.383275570351323,1.7283096365345734
2008-07-31,0.757913908364138,1.004663621119552,9.71418677923873,-3.787771504638356,718.4661317047955,140.56488040752538,13.559127836867965,2.819650885405573
2008-08-31,7.3199030155908655,-1.248144481273048,8.500129769789233,8.598657314316924,711.088597427567,142.8789281606641,-29.539307160150273,1.6062748660638801
2008-09-30,2.440849862000127,2.626241127969392,8.46412269475581,-9.161689131605515,725.2167842422119,142.04056350086836,-4.033133607978378,5.152968050164791
2008-10-31,5.468917132654865,-1.7124618096260633,4.9525850180522175,4.247242121782913,717.1335667965948,140.18131019831867,-0.6830772102881681,1.3737507887803762
2008-11-30,2.837833070670582,1.7247841450596813,4.440785272207819,9.061467143517262,727.1774472467644,131.11862140302011,1.6938153287404312,4.056532768898738
2008-12-31,4.4005101588335815,2.341157077660613,3.097367183341709,11.919140919043738,749.5639166209671,129.98106752287944,25.637376535188977,6.980181123117861
2009-01-31,4.600327095074597,0.29233001702627526,1.0355672181838076,-1.4479562821023126,696.3057130198098,148.58432097305013,1.084648101627657,5.883821617036113
2009-02-28,1.8864084164414527,2.726666084552086,8.714862574423005,10.53143261680032,726.9759691676612,143.33719039083317,5.895489809802456,4.6913166293860655
2009-03-31,7.7718847082341895,-1.7559980004876046,8.222559586735738,-7.234206576119819,706.8489776547635,147.77175000362396,-10.996469530053801,2.83752172471967
2009-04-30,6.313496175208359,-1.7012144900062847,9.99731789621824,11.161307293362956,790.1893949419241,142.30827129803342,-0.13985666965279364,4.74337501774983
2009-05-31,7.5462420617314185,4.580804485277266,9.9680499522021,-6.812783441700439,792.5230887803767,135.86080813071231,-11.818429818947884,4.162248783469909
2009-06-30,7.211205128207366,0.8815251312901031,5.776601203224961,-0.0678177359908183,708.7543966180222,136.85518027919747,-24.14432609852451,3.556500303342229
2009-07-31,4.984249841083138,-0.9835158987849217,7.805380444214849,9.93238414448884,782.0637934021964,148.89959026340787,18.275887470510234,1.7842622604411968
2009-08-31,7.414056762673376,2.177946080438435,9.475274433883067,-6.252064316280656,810.7256685616502,144.63122250049972,23.457023884401302,6.319625291442801
2009-09-30,1.1636937653893962,4.159948424788887,8.57165021143541,-4.2687151191839625,742.9529320022731,140.87241922019922,19.559227680769162,3.698707892927935
2009-10-31,1.969871468143589,-0.2734317800252546,2.8498069665603776,8.056314209826656,788.3844812142588,147.53063570470323,7.079523504045788,2.16773507092459
2009-11-30,0.8392046668290355,2.983123806552002,4.780169285445888,8.000913413651858,829.8333485872561,139.81974359505915,0.3828624143383834,3.2065561052637377
2009-12-31,2.9399774807244827,-1.317220280049856,1.7270144439392023,6.0286908221324325,748.3736773564879,151.01181297552648,39.06669196574602,3.484778515173562
2010-01-31,3.4150796726711152,-1.5865462306511384,9.563484758957863,7.348711111677499,821.4156668920481,145.58907310962246,11.526542810897446,5.9652273734012455
2010-02-28,2.535117738304219,2.250837052545184,6.25865902728336,3.568111083689905,788.1031015740751,156.99720711734628,8.334550210378481,5.401686283368412
2010-03-31,6.71553131863947,2.325080972880852,2.672106652282896,-3.7050235273261816,857.5023810439292,148.090084366756,-27.948634735485143,5.615829361848039
2010-04-30,3.1756499502019198,3.0994392119856524,6.881156501855639,-1.3576001624020133,868.8631466922691,151.82406825360255,-2.700173789907492,1.0661875865718833
2010-05-31,2.607008822655356,3.8087306697812924,6.37221828435001,-5.460057079964359,872.8785317565316,143.78889615381055,0.4156495028685647,3.496923989078569
2010-06-30,4.570220623686864,5.806816635700277,3.9025458213119846,12.711264033340708,832.5678651803906,145.8422431952217,1.905822471752039,3.8880649098119417
2010-07-31,1.55693168731072,2.1304027864095625,1.5787971258964757,4.584794869153011,878.0452692830318,153.07999665114622,16.413789538186585,1.1151536609383401
2010-08-31,6.516477355655297,0.5836517835299677,6.879945358131597,0.021285419090997237,882.9905047070636,155.66572230103702,12.688203738150278,2.5588792524702053
2010-09-30,1.0591298275982812,4.361489558149629,5.442923158586036,1.5501450911033174,837.140172847338,158.90417665276263,18.63240742347557,5.56173893873281
2010-10-31,7.90165202450388,0.16665801009659376,7.837024721488573,13.682083490295383,894.8162336075363,153.57383734824464,31.19066092337026,1.8226582343739943
2010-11-30,6.291835769724931,1.5117713656450888,5.441553260563937,-6.1662149220979945,822.320010333474,162.47704358027144,35.038859097287485,4.2118607887155495
2010-12-31,1.9903676115062932,-1.3723489492618723,8.59572425302613,4.655745800419931,884.940795379586,166.61667388520667,27.44984609811955,2.291211232103425
2011-01-31,0.541415878427018,-1.79719405267634,5.743114968357613,2.64721697211165,855.0092519296071,165.84806580297158,46.44189567639478,1.0727246478633596
2011-02-28,6.615960713411257,5.7011873174234005,5.82891072958617,5.286355885866195,850.7596174480208,151.88024261575376,-28.54139338589107,2.4472087455972487
2011-03-31,5.801430078857129,4.687840964097647,8.828209225254279,-9.547245404478987,853.0928097026698,161.5348251376252,-14.337761145316312,6.855242529460323
2011-04-30,5.967553760307405,3.567793648749584,4.333087229017772,11.803097723603788,921.7209277970189,154.8601098445141,-29.394970001748632,5.809222671297937
2011-05-31,6.284527600144593,1.271623555314159,1.773144670281087,13.30295706209031,892.7741072554677,158.43922667708318,21.79797713236824,6.757459865926201
2011-06-30,1.0553348880056777,-0.6136454394332338,0.7734354249767202,4.128329589730223,937.9578487009933,174.16839830885758,41.842443915998956,3.9271242635581745
2011-07-31,3.1884929640820445,-0.7485036586313116,7.673803928899381,7.416270596922306,878.7113662974675,158.1218773852269,-10.521416273896058,1.658417192065021
2011-08-31,1.3690179464384729,0.00194318531676263,6.392940737857915,13.062484529432393,910.3993266700902,166.0865496799058,44.16276358370453,4.287756933842157
2011-09-30,6.973275694066952,2.3938133176489638,7.188757796942624,7.680965857834966,939.5139827940191,169.30872138092306,-25.178608776835134,3.7262640073597653
2011-10-31,5.174735951206684,3.7167673816004987,2.523159534334652,-6.186523927143466,971.3317307098378,171.83172618912474,44.75488214444114,6.0661424964376955
2011-11-30,2.981735186394869,3.28157901374185,1.7955290180743129,4.40720900417033,930.8292251886045,169.81222053166297,-1.870185020829247,1.5884954847054675
2011-12-31,0.9766876271451772,0.23947117556754272,0.6381743238448783,5.167876159571398,968.2376732085545,159.65148389399036,-21.88633372406268,3.929446822130669
2012-01-31,2.8323674128674665,5.638922245305553,3.8305818086626715,0.6032667825596505,1000.9408710579282,166.82211319416854,8.869740734906053,1.9002919881639055
2012-02-29,2.9388749152006026,3.903175333566148,6.104218025119014,8.411105890618071,980.6239757219961,171.48393998066496,-9.457874582359366,2.94805556134036
2012-03-31,5.97204633753548,2.4348324200912055,4.226318428447457,13.359175369225373,949.0281650485852,163.72385717954938,-7.210167843046172,5.424142464326798
2012-04-30,5.281681035164098,2.893765969874818,4.656011759225426,13.139212822669407,934.8668563983316,169.81588590451832,-5.416802805897074,3.856108776212599
2012-05-31,7.154095569322449,1.3568004994223193,9.08950759769061,1.270984285103303,1026.1312263022269,164.30422953984407,34.24207182661307,3.2553297108746158
2012-06-30,4.04161193871462,-0.01815208399074031,3.8084269367213532,-7.169048853981119,947.9428406666287,166.04855739079915,13.132902134020355,3.366857671420212
2012-07-31,1.3969568445372627,0.8477814292100927,5.382900147018202,14.621029974058363,1039.980627519466,173.25227305541267,-5.09538406751971,3.75668061043592
2012-08-31,5.849335904172462,4.062768883714953,7.944703621040859,10.972452161148354,1012.0987343232233,168.80494269592398,18.826702664873466,5.710099263022341
2012-09-30,6.205887864626731,-1.884852090961953,4.267156432052067,-6.883432969918329,1059.806351441248,178.33826466397593,27.292053937855485,6.352508133641407
2012-10-31,4.709578981771222,-1.0714188759446701,6.409823652164798,13.02104706543431,1052.4724658367807,181.6135671651721,-8.1900799413173,6.73200811902357
2012-11-30,6.282253849659208,-1.631978863825978,8.69245523309408,11.747409051553205,1079.0821139822042,184.67282184829045,3.0839281220281194,5.721420317531771
2012-12-31,4.20346697273293,-1.674169581448239,9.5204459247476,2.9709514281518032,1021.0544451434972,173.50091283468697,-20.249112533044197,2.8924413744880764
2013-01-31,4.420496220364956,4.843684672088058,1.8971980688258605,4.781885893623231,1069.396653160895,173.68437967865418,-15.508052037225575,5.128808236519253
2013-02-28,3.706557637689122,3.6292628750401894,9.302582439034197,-0.024932403246744173,1039.5654762981628,173.26290492384283,24.489428317198623,3.6256187443323515
2013-03-31,0.690643450580714,1.7933906326986016,5.175104784255613,-8.630959029449217,1054.0545076370852,184.73697319170952,-15.484932184349844,2.5280237322763073
2013-04-30,1.3091857024497835,-1.2173267147919882,2.9533216888401044,-1.6200689588524764,1075.5120525979876,186.97470281425686,12.01307069336481,6.045229476555535
2013-05-31,0.7357188926505069,1.9329270009346589,4.861789684263482,10.071336214950286,1106.8237783642405,174.31373126471368,26.723700937794618,1.23055809377395
2013-06-30,5.273078084478353,1.7877741662445255,9.810309465212033,-9.884199424884928,1124.558974534992,193.24307337675663,-21.44984615242049,6.410571952812541
2013-07-31,2.85766985807245,-0.6143850407198785,5.179871892932261,-1.662520707721395,1109.6725296709706,176.3950742085943,15.384977570312287,3.768864787748405
2013-08-31,4.314280183735271,1.4708131939037843,3.623140297731328,-0.04578266022641664,1081.3164271707083,187.01839532526827,-9.474977303890899,4.823208860849682
2013-09-30,7.306748554445698,1.1880378751789875,6.517308116008895,3.434890073448072,1088.3700098511379,191.21049909194718,47.03415001900639,4.956123533234696
2013-10-31,2.3696917186165622,2.9268007844177317,2.7813833783928343,12.996390410319012,1126.6871004517761,195.2854912615326,8.683651737593976,6.370706444239218
2013-11-30,3.577871922767223,3.0807492069411504,1.2207016170323073,-1.3413501408509685,1083.5011455391732,192.98466751294143,34.479403982012656,4.8200180930032435
2013-12-31,6.1666335390728655,-1.6375679218236439,1.7243573581511678,-1.3261699525943076,1077.3654029449385,195.5743106153707,14.018123372500938,4.68360150856037
2014-01-31,2.2159862411871685,0.9969009170117697,1.7164354700988382,8.43753120274371,1108.474768065333,187.16557288851303,-26.526997371614467,1.3999122433641398
2014-02-28,1.0773493237159475,3.006879325713891,1.9430755883667963,1.3054485222451788,1108.4310121361195,197.50989139626915,20.652110047521788,4.110448131671225
2014-03-31,2.6731358968532604,2.0250900686407016,1.8188581401693962,-4.384879426500451,1116.0324856857662,183.65250613271442,46.11226737653256,1.90101400490225
2014-04-30,1.7091596544050331,4.851918729506578,6.588310075630539,1.3109879033173346,1116.4570094146145,200.78336240991348,18.1289456117065,5.424602612328913
2014-05-31,7.472732392569298,3.26954905295156,2.2278608017918757,-6.478574490505004,1104.0001139427156,194.67569689545965,35.53510875414321,4.073331524876047
2014-06-30,6.560902846733127,-0.6965245833485625,3.7838391915767007,-5.590325337344417,1108.2727491218768,200.9066248553168,40.736517067872626,5.08136667525012
2014-07-31,5.250528173828176,-1.4354500207965613,9.019489894107112,2.4591943184869933,1211.9521552915949,194.44385523011496,-11.753618244085402,1.2500374036143056
2014-08-31,7.035954426407883,3.139354225650525,5.0026355824972875,0.47313623761369783,1162.6517903610338,199.10586352736146,-13.036412807341868,1.5087520962748193
2014-09-30,6.527540576743358,-1.7879095156670255,6.841798515949758,12.8711475267025,1165.001702372872,197.59918292583524,18.87847910807934,5.297940328376093
2014-10-31,1.8992754416452688,2.6862046501877064,2.1370387764154835,-0.9401525220841727,1201.2283265956669,202.53974022590162,2.882277584536375,1.4325060159920402
2014-11-30,7.194192488674833,5.521841931399661,2.3267456786823724,4.5147087569510855,1161.7835477823223,190.3773695150888,37.18890422933762,1.4275403665915516
2014-12-31,4.54506681436738,2.6037934230070316,0.8882518545315492,5.80660719798826,1241.6488380602943,190.78863163797027,42.00184987184089,1.0726508514093247
2015-01-31,6.555801163730469,1.1053594096521753,2.104883099185563,-9.67263858529166,1231.9817817762832,195.36047472204393,-1.7262896557825513,6.739008389796881
2015-02-28,7.2206847494262,3.1463057475388254,3.146608220803607,6.588434300417767,1168.98294123541,194.44612372778678,-11.050355282041437,5.4250501567540415
2015-03-31,2.885026062288979,1.666023123932133,2.1815996006290947,-5.549100828256214,1208.494479252133,209.52772154104906,32.442041219508944,3.119508451012385
2015-04-30,1.3253894339575756,2.3649343145274795,1.3426740706920284,14.026757936736377,1261.3427930993128,197.31315004004793,-8.015517156149112,2.779213487725931
2015-05-31,2.209513719064563,5.531718470212201,1.6460407754557078,-6.283431806172176,1274.5987252416933,213.28299549295167,35.809145481094276,3.0982193784750973
2015-06-30,3.7033084146969224,1.088821102406194,4.877398296310895,0.3656030931755936,1233.5602348069954,201.34042629567318,3.899060291901023,5.647921187087091
2015-07-31,6.635110744418698,5.689524510591314,2.460170324855029,-7.8662582980339035,1254.8557832725353,199.08168885770706,23.403991943317635,4.968223666422486
2015-08-31,6.955479374422576,5.24280513564851,3.9605636799567168,14.921856296148682,1216.9125996301277,212.07012077046463,-22.357174893226546,2.1111734072048076
2015-09-30,0.5521409789839302,-0.4336709216856285,5.28246407312114,2.554875258281065,1306.020628304074,210.2871262213146,19.908745974125843,2.044656012004506
2015-10-31,4.330604769331742,-1.4451095929986764,7.058750871978971,4.884625433001094,1236.765496498177,207.91370512404188,6.141414298978333,1.590373898280384
2015-11-30,3.6305825236158427,-1.1937759889805868,0.8734653284904399,-8.323088065289312,1314.566064442801,209.89388189741368,16.928677054037927,4.961816318208029
2015-12-31,2.165808578530477,-1.8542253947876022,8.094398789635905,8.749011759979446,1291.9521125979816,214.00746652778838,-16.558863380410926,5.586235973330416
2016-01-31,1.398990255002621,-1.2444563139525728,6.465053700163624,-4.752360172610356,1294.4556878560866,205.02934587265108,28.949899595534568,2.590278569950024
2016-02-29,3.03211378552721,3.464054187330855,1.2767108035142831,12.451357236017845,1291.6454201393076,221.22374945084192,39.02376620345828,1.1256697661854769
2016-03-31,7.5718227793438935,-1.430490812318168,8.798996929014384,-4.871508987949821,1270.138110878889,221.62975445632478,-12.660815992737948,1.493030004858564
2016-04-30,2.9240219901556643,0.5518050423500904,9.248287805052225,-5.232806983408336,1271.4184935771198,215.97722502400987,-22.342835558387062,6.807160209070183
2016-05-31,4.390929663075246,4.7590024877556365,1.0802406186212057,-9.086258303797628,1282.5088719530424,207.79838039933603,-28.10891311629309,2.7726686648645216
2016-06-30,5.7726421917138335,-1.813824514113393,3.130337657398435,1.801673627749981,1285.7986379299066,218.248916313061,21.357720035461284,5.615338887028802
2016-07-31,3.2272220178447046,4.515747860711486,8.158912158034083,4.121028331565411,1351.8078197416125,206.92513972770067,18.567522887102463,4.747981413125583
2016-08-31,7.788365620407205,0.25483819818719944,7.608467058644754,-8.35728401429119,1315.5564589710661,206.93104167591525,13.735793017125602,3.291637837917375
2016-09-30,7.7183547120658345,-1.05468137902675,2.2529496838855847,9.388190417375263,1293.022761380189,212.30846948570544,-11.444232310721965,2.2341235731733304
2016-10-31,2.388367218690231,3.573897322913205,2.488818571698748,1.3322208687006896,1390.8433174073866,217.2440909339495,1.2724796724411718,1.7283185089564386
2016-11-30,4.22936379419289,3.031542774239072,4.019484976518129,3.109756733189501,1389.006203559104,226.19390199101278,17.558106814893847,4.6900778082332
2016-12-31,2.7565873236257725,5.019776108216424,5.102968359314703,1.0190686734557044,1400.097404051739,224.20865336185335,9.741348708733554,5.647802683826728
2017-01-31,2.636303707831007,3.880568350431086,6.373420329537812,0.01907652188315012,1413.507518666317,225.35622247420883,49.02284161719098,4.863425521246784
2017-02-28,0.776652105158996,4.427847443078789,4.004679575912838,3.9910082827054474,1338.1008219930784,219.8487788228527,-19.08481979546135,4.18181279949495
2017-03-31,5.071732504849226,0.2562765805704519,4.894079803264905,-6.118993851732188,1367.0300596308516,219.09443206851248,25.6115643238075,1.2517073405898176
2017-04-30,4.270092674216461,-0.5804836497622174,7.600973912270687,-5.451796737618222,1409.9242659804509,220.43332756094728,2.34550144834337,6.810932665566303
2017-05-31,0.8860906343749202,4.004918013126867,0.84849042746068,11.544640525337933,1410.397040884877,233.60236365965838,4.255969194049179,5.792285149927448
2017-06-30,2.589848481774586,4.454677914138112,2.898150971268197,13.652886553340817,1362.8791303829396,215.4883762968689,27.407821252654102,2.7569322202057887
2017-07-31,7.311994144749903,5.924041136005386,7.276821065903248,-0.6672670930061759,1435.7674129174718,232.86364247475024,25.394892105949573,6.879821976153104
2017-08-31,2.296714180002293,1.3009414152914118,9.004464958028393,-3.2313831714111556,1383.322718271532,227.9333408074311,49.30047949617506,4.611289537817933
2017-09-30,1.5867115406841732,0.9761446863422654,5.360935700098828,6.0999885809753955,1389.9549832395846,225.9689611034571,-19.72845684366998,4.494535949243479
2017-10-31,4.170895702081722,4.211303685935975,5.5550781100204984,0.2183542774524092,1427.9652247161196,232.53862601165002,-21.671228049266695,5.488439076577192
2017-11-30,7.892378405829505,0.7264283220241428,1.5181341077278725,-9.365341108491378,1440.2563365804046,228.60367171552335,27.94710537029929,5.870618728540825
2017-12-31,2.3154145363362533,5.446058604828518,4.750417484822819,-6.096185065845241,1445.6655245494715,237.1755777323445,16.270953360512728,4.938871643989016
2018-01-31,5.5410166055440895,4.867302014744094,5.55986403132272,7.899305721184938,1403.5001481749218,238.5579703346185,-8.067146675215533,1.7685744781972002
2018-02-28,6.212147114965382,1.4319522190001468,2.803469784529932,6.473098547753786,1488.7921113676405,229.8151716755444,-23.64645048088107,3.0296050359669904
2018-03-31,2.2822815799429974,4.006968542331979,3.057810694019119,-9.322600187412913,1434.300590032929,227.75412916645834,-23.147340032285555,6.568501841956298
2018-04-30,5.961622614588947,4.036342992677459,4.084199549493915,-4.450695951676264,1427.3866385717952,234.90139987730657,41.53526997312946,2.3476936710631113
2018-05-31,3.258373495394399,-1.1750090493125391,0.6906763788884005,-4.223130085298215,1510.0045150998683,242.13848030145516,-14.650614022500568,3.2330021430250797
2018-06-30,5.242293729451846,5.220423253436533,3.559752073040194,6.79731858996821,1523.389417605402,228.94127725291668,-4.130275030758341,3.592461297665176
2018-07-31,5.25147283070671,2.042018979582857,2.508756066467174,-9.507236556140896,1520.731590178428,238.02418522775503,-11.86748782184096,3.636429938166713
2018-08-31,4.518310130560689,4.611659728861933,3.611224845690189,-7.397285450385654,1522.1649965938268,239.03287804201778,-1.6002955334450135,4.677637494967153
2018-09-30,1.1771732754080624,0.560396808244894,1.6377402522828866,9.997902134329735,1513.432147854697,241.900754172155,-24.44609258031253,6.658455026468245
2018-10-31,6.764768716919285,5.164185827969604,8.960009167029002,-5.53638344864166,1509.688247521165,230.70666751007658,11.52478327266163,2.4441562709950295
2018-11-30,2.905850487288019,1.113613429873305,6.139128308763462,6.318652696296869,1469.9957471208481,243.22863318485517,-24.590994912622808,1.7290082578055084
2018-12-31,1.8988888279989067,-1.9132987881576131,6.951472031872651,-4.045430473831837,1508.836953106233,247.9296043882082,34.02852062578893,2.184822939159624
2019-01-31,0.8058135616607294,5.243055811354109,7.997126766769714,-7.513965181016371,1511.9550441698505,234.17943623598222,-11.303033447165358,6.321549401255617
2019-02-28,4.931697073911813,-1.2697065857109315,5.235200889826044,-3.920695225013648,1507.356131514108,236.17346064073698,13.200953168360847,4.874864875931236
2019-03-31,5.581732713817118,0.5545091007233189,1.325742736830525,8.05667329639148,1560.4173251763898,251.6873161067742,40.40632700491666,2.715440735434961
2019-04-30,0.6244087169589212,5.600495736406439,5.602512147276204,11.392411702657142,1544.3574479848644,236.7157733638132,22.070189523775532,5.895681633811703
2019-05-31,4.340697937244608,5.604857175500449,6.074990621198352,10.755496614174788,1509.5690567372083,251.02075626069703,12.636622924106824,6.168219978180616
2019-06-30,2.1987183139845348,2.587503104986289,7.581675004751135,-0.07041175953862933,1530.1773160108808,244.61543160594815,-4.053299750769952,6.079086032141668
2019-07-31,5.338795928070874,3.054697697358394,4.600765689181954,6.702128414266156,1583.1794328513151,240.55131604873299,-3.3598469553441674,6.513559201837326
2019-08-31,1.8077482175374358,1.5875641758265582,1.7120128765578557,-4.8753926146044755,1529.1612031038417,253.85851266980168,23.558956415855207,2.5134461210401695
2019-09-30,5.6820330357684945,0.34568617358451625,3.1958711050878823,-2.671306743474668,1613.3633692291446,246.18643982808678,49.5311488976934,5.5302515724776695
2019-10-31,3.4005150972540306,0.6293163629593277,3.9492818157870335,12.408395463027993,1584.451891195121,248.41350189030928,22.947135187950288,3.7632369836448403
2019-11-30,7.525474915525509,3.3801476486163073,6.636213792650212,-9.674951912231599,1589.6904568958448,246.1386422833928,14.622673389601992,6.051991317340369
2019-12-31,1.5314070810949494,4.01899623550144,5.922393894354663,-7.862286728638298,1607.5671382985877,251.64981200777805,28.45204081913969,5.370944062969679
2020-01-31,3.0579976328769387,4.332632349806788,3.8829188960295395,-4.802843621349317,1637.4890170946069,243.89809251446195,7.21644898269745,5.658684678998348
2020-02-29,1.351051409304418,4.316945142356431,9.871894863533306,-9.336694903154507,1596.4964019617676,249.28606587947874,-25.188612591937183,4.936971026086429
2020-03-31,7.435202137089221,-1.270351175610477,6.254860783890428,-5.464114122755067,1636.2116570969106,261.68950167683124,14.983745270232788,2.064572616818241
2020-04-30,7.080045150357358,1.9553624376206518,2.7536545214919474,4.576039024242304,1631.6777989100392,248.30074396783007,46.61002276043041,4.27016151338163
2020-05-31,2.4345622078636673,-1.5395299198668457,1.4669334898938355,0.5356137648124495,1608.5019901968585,257.1096286883154,-15.975764611387229,6.908018437147049
2020-06-30,5.449880345256343,2.3962310585898843,1.9521618222511543,12.31679277692437,1676.3567224848882,251.31551676566545,25.20039126565326,6.624328398982714
2020-07-31,6.629166501509118,1.5322440109870161,2.836598419652827,10.436089043461024,1674.930886679521,261.1179980785856,-13.925304907275482,1.25904241478207
2020-08-31,4.664006086995967,5.101633462066398,2.026473045965779,-1.4545662075530998,1667.728028654127,249.10282886290258,12.8662147578465,1.9888888943766228
2020-09-30,4.4723793376700485,0.8073201004166295,2.2723867284874046,-3.514414164217688,1693.6355787671648,266.7185966337885,-22.26588402826243,1.7903726407273715
2020-10-31,2.3138921817533875,-1.063463868579153,3.2084041025915475,-0.5076897958183277,1702.0013866231768,257.23478664357236,6.029674900654811,5.3558794599117725
2020-11-30,1.198270758544244,-0.8560665435773132,2.147049155300171,4.757373562870194,1692.802824868156,253.71682516651083,30.493066311619685,5.9067119791416705
2020-12-31,7.229118184649951,4.092085053739778,9.01927153395104,-3.2984089794280935,1712.362420702476,251.30257092986383,-2.194278060881434,2.2810681978640313
2021-01-31,7.2531354287249785,2.9457445065300885,1.2622205837856009,5.603722696228351,1705.1027947024932,254.0646141686964,23.19293795897744,4.0351161577109735
2021-02-28,5.2482609295495095,-1.191018591017678,5.48285820091742,0.23529130478101123,1710.0642863810508,261.90175512174795,33.635996863178335,6.0442181680672
2021-03-31,3.0427234328652553,-1.3271455510800205,4.398769856401785,3.801179521299506,1710.6059076959955,259.0831597629354,44.17422555835621,5.3968092685975035
2021-04-30,3.119071809594957,3.60775305167296,9.83259686063176,0.9031632283829172,1730.710994499697,269.7575836356438,-11.228633451563717,4.253423232951089
2021-05-31,5.9446675915267955,-1.4178959490864518,1.5643695705964973,-2.638356011452058,1677.9944017426965,262.6344868749097,1.9452732647446496,4.542086142752638
2021-06-30,7.2283269496443285,4.57488047432285,4.279628190934545,13.711332674053917,1756.915527802738,259.82784193710825,-17.806718933566607,4.05016328149768
2021-07-31,7.15314818198838,3.6499378172519696,9.709969116116005,9.090144853994019,1762.7073653268244,268.03327630111824,49.39868017267001,2.7852907079129237
2021-08-31,6.349066593932179,-1.3492097548648019,8.722317695992812,-6.497170605838686,1685.142301525213,270.6627409904286,44.16007743394363,4.390131957154097
2021-09-30,5.315237346157158,-1.3212982873184647,8.262184674018158,11.71169939744782,1771.4938089476896,260.70485489442063,13.196570422444765,5.133311812300544
2021-10-31,1.1310497374628663,5.893116628009404,2.9500768569269282,2.185779956237841,1708.493681308014,261.55322114585005,37.362663550113695,6.239937495164846
2021-11-30,1.7122153557096031,0.9941663660489626,2.1234320802056255,12.363805672352285,1735.8131406560396,259.7710854424365,11.676638181763373,4.8177481238754885
2021-12-31,7.239156413953094,0.9651371765351273,6.852110589282095,9.996381398682882,1783.346641528742,274.6025172887605,19.88685504022078,5.566729222258948
2022-01-31,5.048217947446925,4.502396538060021,9.329071896712065,0.6303376117308357,1731.7663661738684,273.98738762356584,-22.87004543071867,1.960429809727438
2022-02-28,0.5689778871247224,5.57798861907087,5.789247483632333,-9.438267291997064,1804.1816396503998,271.040734669808,30.421633639744634,3.7693448465187394
2022-03-31,1.2610365714952407,5.888008510582967,5.930320549964049,-3.283066015376348,1812.2929157037238,279.26834621787765,-19.782921309181212,1.0559897189625598
2022-04-30,5.476263268310419,4.027025482071533,3.1598013897726998,3.540855366521672,1786.5208319534895,279.3351603811768,36.085410420202265,2.4800731871297383
2022-05-31,0.5379618788466402,1.010076684247326,7.810182865323401,5.836955495653681,1743.1072064185453,275.76566469379276,32.56224701363087,5.358770290678029
2022-06-30,1.70606038563124,-1.3319942664106499,2.276915611296472,-3.552807864169943,1777.8669932338091,282.2608230998049,26.699575819438117,6.95085970809618
2022-07-31,4.615503420249396,4.217175327419494,3.574952745840315,-6.516098148179397,1817.5504324233484,269.84904177395714,-27.10716955801903,1.5950685975232954
2022-08-31,5.6892139826951995,2.4672339978864404,4.541646166855959,10.873255919982476,1860.6709190579725,268.80743004485834,-5.749731524373711,3.4089658951677295
2022-09-30,5.389709446269504,1.3937760739758103,5.322298597502323,14.610054517588804,1832.4282146263529,272.8008499709255,-8.950994407132569,5.800425812194957
2022-10-31,2.1820198209541983,5.250835080757888,2.8028924579432624,3.1422545575671457,1801.9217807005582,269.3844149460541,-1.1890874022784743,2.224213807773393
2022-11-30,5.841344160106519,-1.1104201415507893,1.5909498350224336,-5.708017853792413,1846.0365535735593,279.7028884679704,-22.988580258892917,4.330509695813717
2022-12-31,2.2793681562260004,1.9410008343268732,6.30089040319551,-3.1923168370157757,1843.32908190464,288.648431837531,44.956625842485025,5.398427776178049
2023-01-31,2.9404977361945077,-1.9091708418606474,3.24199025578243,-9.540233086313332,1874.009644117625,271.540008888684,14.304179256990103,4.695912701561074
2023-02-28,6.0986855383851815,1.7492851359530102,6.021763103514816,12.857470164012476,1813.4177291546623,274.0321564391964,-5.558055147358118,2.128148407692497
2023-03-31,5.37224674285411,-1.5495737945453012,1.966445795104922,-7.056222927746472,1885.5170161916253,281.47075880834655,1.7585213659426735,3.1323074121144368
2023-04-30,6.869175578706335,-1.0494566698554246,5.070830967620766,4.412911887856339,1870.2354444784896,291.9410986769179,5.776203240386849,5.702750706912383
2023-05-31,5.432096692252575,-1.059790025783161,5.559599609240066,-3.14861948281985,1919.1025476662342,280.4235405095768,18.047546668849385,4.325359084792099
2023-06-30,4.762314525016037,3.1936824169285085,0.9923235998130556,3.854450062894836,1863.6851245536593,285.0819346674917,11.254354215719822,1.0313776812574764
2023-07-31,1.2025607587106935,3.9683590341233863,3.6977406428422457,6.2855097087966065,1899.4546579326416,276.60551575841373,43.55135785715339,5.565944560168563
2023-08-31,3.2578685229457514,2.666950120777277,1.7769394309202553,10.74354509268004,1936.0898398397046,279.57774268032966,9.757078632466417,1.2118681296414344
2023-09-30,2.489017757612941,5.697380387796335,1.1020622194912937,-4.83946820598492,1859.832562757227,297.1803012039468,49.37264118586501,5.474402696387393
2023-10-31,2.329922325343127,0.9989646361896325,9.90462220770448,-9.725104283537988,1949.99899935126,297.58689275717273,38.11399661960766,2.2148833609914247
2023-11-30,7.797579160643342,0.28569669025488587,3.5623615272598683,-6.577859248279818,1931.7592835271525,279.22013853082206,-13.319158851413135,6.748440880716281
2023-12-31,3.448232935000703,4.948793025515682,8.193807235619031,12.500466046202629,1876.4489778770444,298.9943947042807,44.4476171715133,3.207644507812507
2024-01-31,7.190349163828349,-0.2112332918443789,2.919086220255757,11.847251939062883,1906.4561893306648,293.5773778358079,-20.690688169161913,2.9615896980284746
2024-02-29,5.233539694979472,5.7057803155248905,6.974275861127328,4.935327554257707,1953.8716021699674,298.99016505358037,35.39597667929533,1.893328301994668
2024-03-31,6.461084776562363,-1.9027642024814693,7.722164668952022,5.012921510841334,1896.4840141217726,291.5634163595391,0.4498634781264066,2.8336252929412895
2024-04-30,4.269778198288941,5.759030613661112,6.158568035774521,6.625916863656386,1954.6605606619787,293.6173599021289,40.237945635605556,6.259904570969203
2024-05-31,4.826779134697693,-1.654720704395391,4.979973791226504,-5.61571803441376,1937.726381009103,293.91919101936435,39.44453520859602,6.978006025763484
2024-06-30,4.19388270364148,5.129144909584569,4.412488684399051,12.860298648123994,1971.9241877600114,298.31636464883,34.4740320094097,3.2098571830410902
2024-07-31,1.9643224084853337,2.221608872690399,3.814248532158455,0.4692631223018271,1921.1014000339708,288.60892467671624,33.20243490456491,3.6916637857272554
2024-08-31,5.91839086446129,5.943718368954403,9.330526870354346,-0.4215367937625629,2010.3754379374132,287.2521914627255,-5.625668872156737,5.332425629216422
2024-09-30,2.6057927183064185,-1.409627482116809,8.390884373983427,2.9729426320709393,2027.2652149093715,293.6481385807778,-23.526457355899826,6.317174682790447
2024-10-31,0.6823697482359038,2.4308342752105663,9.66775565133187,-8.825850830623624,2033.498664189657,302.41997508736887,2.238414301212913,4.558266005120705
2024-11-30,5.341042219303759,5.754420284952792,1.680823623112675,-5.842915781098014,2018.2706225048362,293.2002489587769,-16.118038801079308,3.349154189066976
2024-12-31,1.8283300955528672,2.1847827533611905,7.44324101443462,8.45084041065926,1963.0086240130631,303.4686486664983,25.59608711219694,3.4757310450917425
